{"cameraMode":{"drawMode":0,"name":"Shaded","section":"Shading Mode"},"sceneLighting":true,"audioPlay":false,"sceneViewState":{"showFog":true,"showMaterialUpdate":false,"showSkybox":true,"showFlares":true,"showImageEffects":true,"showParticleSystems":true},"in2DMode":false,"pivot":{"x":2.750680923461914,"y":1.3368122577667237,"z":7.661635398864746},"rotation":{"x":0.0750945433974266,"y":0.8738359808921814,"z":-0.14309152960777284,"w":0.4586026072502136},"size":6.440336227416992,"orthographic":false}