{"cameraMode":{"drawMode":0,"name":"Shaded","section":"Shading Mode"},"sceneLighting":true,"audioPlay":false,"sceneViewState":{"showFog":true,"showMaterialUpdate":false,"showSkybox":true,"showFlares":true,"showImageEffects":true,"showParticleSystems":true},"in2DMode":false,"pivot":{"x":-4.820000171661377,"y":1.3470954895019532,"z":8.450263023376465},"rotation":{"x":0.043817006051540378,"y":0.9554371237754822,"z":-0.18603846430778504,"w":0.2250216007232666},"size":3.8463735580444338,"orthographic":false}