{"cameraMode":{"drawMode":0,"name":"Shaded","section":"Shading Mode"},"sceneLighting":true,"audioPlay":false,"sceneViewState":{"showFog":true,"showMaterialUpdate":false,"showSkybox":true,"showFlares":true,"showImageEffects":true,"showParticleSystems":true},"in2DMode":false,"pivot":{"x":1.0385971069335938,"y":0.5921053886413574,"z":-3.158527374267578},"rotation":{"x":-0.013871737755835057,"y":0.978837788105011,"z":-0.0709027349948883,"w":-0.1914980262517929},"size":19.099096298217775,"orthographic":false}