{"cameraMode":{"drawMode":0,"name":"Shaded","section":"Shading Mode"},"sceneLighting":false,"audioPlay":false,"sceneViewState":{"showFog":true,"showMaterialUpdate":false,"showSkybox":false,"showFlares":true,"showImageEffects":true,"showParticleSystems":true},"in2DMode":false,"pivot":{"x":1.0322251319885255,"y":0.5090000033378601,"z":5.032225131988525},"rotation":{"x":0.09440231323242188,"y":0.8652679920196533,"z":-0.1779320240020752,"w":0.4590841829776764},"size":23.53998565673828,"orthographic":false}