{"cameraMode":{"drawMode":0,"name":"Shaded","section":"Shading Mode"},"sceneLighting":true,"audioPlay":false,"sceneViewState":{"showFog":true,"showMaterialUpdate":false,"showSkybox":true,"showFlares":true,"showImageEffects":true,"showParticleSystems":true},"in2DMode":false,"pivot":{"x":-2.5477681159973146,"y":0.017760396003723146,"z":0.4853811264038086},"rotation":{"x":-0.013334844261407853,"y":0.9864376783370972,"z":-0.1042669415473938,"w":-0.1261541098356247},"size":9.281155586242676,"orthographic":false}