{"cameraMode":{"drawMode":0,"name":"Shaded","section":"Shading Mode"},"sceneLighting":true,"audioPlay":false,"sceneViewState":{"showFog":true,"showMaterialUpdate":false,"showSkybox":true,"showFlares":true,"showImageEffects":true,"showParticleSystems":true},"in2DMode":false,"pivot":{"x":9.240616798400879,"y":1.214850664138794,"z":-12.246135711669922},"rotation":{"x":0.022242331877350808,"y":0.9714522361755371,"z":-0.10120932012796402,"w":0.21346618235111237},"size":21.202306747436525,"orthographic":false}