{"cameraMode":{"drawMode":0,"name":"Shaded","section":"Shading Mode"},"sceneLighting":true,"audioPlay":false,"sceneViewState":{"showFog":true,"showMaterialUpdate":false,"showSkybox":false,"showFlares":true,"showImageEffects":true,"showParticleSystems":true},"in2DMode":false,"pivot":{"x":0.0,"y":0.13999998569488526,"z":1.1699999570846558},"rotation":{"x":-0.024705085903406144,"y":-0.498157262802124,"z":0.014201072044670582,"w":-0.8666219115257263},"size":8.0020751953125,"orthographic":false}